Correct,Wrong,Tie,Percent,week
10,6,0,0.625,1
7,9,0,0.4375,1
12,4,0,0.75,1
13,3,0,0.8125,1
10,6,0,0.625,1
9,7,0,0.5625,1
10,6,0,0.625,1
11,5,0,0.6875,1
17,15,0,0.53125,2
12,20,0,0.375,2
20,12,0,0.625,2
20,12,0,0.625,2
14,18,0,0.4375,2
17,15,0,0.53125,2
19,13,0,0.59375,2
18,14,0,0.5625,2
24,24,0,0.5,3
20,28,0,0.4166666666666667,3
27,21,0,0.5625,3
28,20,0,0.5833333333333334,3
19,29,0,0.3958333333333333,3
25,23,0,0.5208333333333334,3
25,23,0,0.5208333333333334,3
25,23,0,0.5208333333333334,3
