Record,Correct,Wrong,Percent,week
12-3,12,3,0.8,1
14-1,14,1,0.9333333333333333,1
12-3,12,3,0.8,1
9-6,9,6,0.6,1
12-3,12,3,0.8,1
7-8,7,8,0.4666666666666667,1
8-7,8,7,0.5333333333333333,1
11-4,11,4,0.7333333333333333,1
12-3,12,3,0.8,1
12-3,12,3,0.8,1
9-6,9,6,0.6,1
