Record,Correct,Wrong,Percent,week
11-5,11,5,0.6875,1
10-6,10,6,0.625,1
10-6,10,6,0.625,1
10-6,10,6,0.625,1
8-8,8,8,0.5,1
10-6,10,6,0.625,1
10-6,10,6,0.625,1
10-6,10,6,0.625,1
11-5,11,5,0.6875,1
12-4,12,4,0.75,1
12-4,12,4,0.75,1
22-10,22,10,0.6875,2
21-11,21,11,0.65625,2
22-10,22,10,0.6875,2
23-9,23,9,0.71875,2
21-11,21,11,0.65625,2
23-9,23,9,0.71875,2
21-11,21,11,0.65625,2
23-9,23,9,0.71875,2
20-12,20,12,0.625,2
25-7,25,7,0.78125,2
23-9,23,9,0.71875,2
